url,name,address,city,state,phone
https://andykovirtualcpa.com/,Results,"39 Forsythia Ln, Bear, DE 19701",Bear,DE,(215) 303-6791
http://www.cpadelaware.net/,Results,"1000 N West St Ste 1200 building, Wilmington, DE 19801",Wilmington,DE,(732) 829-6395
http://www.saggioaccounting.com/,Results,"1100 Dutch Neck Rd, Middletown, DE 19709",Middletown,DE,(302) 659-6560
http://www.duvillaco.com/,Results,"200 Biddle Ave Ste 105, Newark, DE 19702",Newark,DE,(302) 836-2850
http://www.neceliscpa.com/,Results,"700 Delaware St, New Castle, DE 19720",New Castle,DE,(302) 322-1135
http://cpacornerstone.com/,Results,"273 E Main St, Newark, DE 19711",Newark,DE,(302) 377-7165
http://www.cmcgrouptaxes.com/,Results,"92 Gerald Dr Ste a, Newark, DE 19713",Newark,DE,(866) 504-8090
http://www.snydercpa.com/,Results,"Silverside Professional Park, 1405 Silverside Rd #3c, Wilmington, DE 19810",Wilmington,DE,(302) 475-1600
http://delawarecpa.net/,Results,"216A W Market St, Georgetown, DE 19947",Georgetown,DE,(302) 854-0133
http://wwd-cpa.com/,Results,"4550 New Linden Hill Rd #201, Wilmington, DE 19808",Wilmington,DE,(302) 254-8240
https://parkersaccountingservices.com/,Results,"581 Canal Dr, Middletown, DE 19709",Middletown,DE,(302) 323-0288
http://www.svvcpa.com/,Results,"1814 Newport Gap Pike, Wilmington, DE 19808",Wilmington,DE,(302) 999-7300
http://www.manacpaservices.com/,Results,"505 Coriander Ct, Bear, DE 19701",Bear,DE,(302) 310-3719
http://www.cbstaxpro.com/,Results,"112 Capitol Tr, Newark, DE 19711",Newark,DE,(302) 994-2000
http://www.whcompany.com/,Results,"1831 Delaware Ave, Wilmington, DE 19806",Wilmington,DE,(302) 225-3000
http://www.bobdoestaxes.com/,Results,"1 Shamrock Ave, New Castle, DE 19720",New Castle,DE,(302) 528-1053
https://www.boyercpa.net/,Results,"2496 Dupont Pkwy, Middletown, DE 19709",Middletown,DE,(302) 464-1300
https://orbitaccountants.us/,Results,"901 N Market St Suite #100, Wilmington, DE 19801",Wilmington,DE,(844) 654-2889
http://www.multistatetax.net/,Results,"630 Churchmans Rd, Newark, DE 19702",Newark,DE,(302) 453-0127
http://www.independence-cpa.com/,Results,"724 Yorklyn Rd #230, Hockessin, DE 19707",Hockessin,DE,(302) 635-7109
http://www.scassoc.net/,Results,"651 N Broad St #103, Middletown, DE 19709",Middletown,DE,(302) 454-1100
https://santoracpagroup.com/,Results,"220 Continental Dr Ste 112, Newark, DE 19713",Newark,DE,(302) 737-6200
http://www.boyercpa.net/,Results,"2392 Limestone Rd, Wilmington, DE 19808",Wilmington,DE,(302) 998-3700
https://www.bluewatersproservices.com/,Results,,Delaware City,DE,(301) 997-5415
https://www.belfint.com/,Results,"1011 Centre Rd #310, Wilmington, DE 19805",Wilmington,DE,(302) 225-0600
https://www.facebook.com/cjmtaxes,Results,"4100 Dawnbrook Dr Ste 1, Wilmington, DE 19804",Wilmington,DE,(302) 999-8755
http://elitefsllc.com/,Results,"23 Prestbury Square, Newark, DE 19713",Newark,DE,(302) 397-3001
https://shin-cpas.com/,Results,"2006 Limestone Rd #10, Wilmington, DE 19808",Wilmington,DE,(302) 636-9009
https://dinglekane.com/,Results,"356 E Main St, Newark, DE 19711",Newark,DE,(302) 731-5200
https://delawarecpa.net/,Results,"216 E Market St suite 101, Georgetown, DE 19947",Georgetown,DE,
https://www.ileadtax.com/,Results,,Delaware City,DE,(234) 444-5323
http://wattayaccounting.com/,Results,"3488 S Dupont Blvd, Smyrna, DE 19977",Smyrna,DE,(302) 724-9237
https://www.carriemhaddickcpa.com/?utm_source=google&utm_medium=wix_google_business_profile&utm_campaign=13821594918165436292,Results,"51 Wicklow Rd, Bear, DE 19701",Bear,DE,(302) 531-7952
http://dohertyandassociates.com/,Results,"4550 Linden Hill Rd Suite 130, Wilmington, DE 19808",Wilmington,DE,(302) 239-3500
http://www.millercpa.net/,Results,"5500 Skyline Dr #5, Wilmington, DE 19808",Wilmington,DE,(302) 234-0678
https://www.wissingercpa.com/?utm_source=google&utm_medium=wix_google_business_profile&utm_campaign=10112364713931804797,Results,,Delaware City,DE,(302) 531-7952
https://rahonagroups.us/,Results,"105 Admiral Dr, Wilmington, DE 19804",Wilmington,DE,(302) 609-4688
http://davebeamcpa.com/,Results,"3825 Lancaster Pike STE 3, Wilmington, DE 19805",Wilmington,DE,(302) 633-3499
https://www.dscpa.org/,Results,"3512 Silverside Rd Ste 8, Wilmington, DE 19810",Wilmington,DE,(302) 478-7442
https://www.fawcasson.com/,Results,"160 Greentree Dr #203, Dover, DE 19904",Dover,DE,(302) 674-4305
https://www.bonadio.com/,Results,"2711 Centerville Rd #100, Wilmington, DE 19808",Wilmington,DE,(302) 656-6632
http://taxcenter.biz/,Results,"14A Marrows Rd, Newark, DE 19713",Newark,DE,(302) 368-7040
http://www.gunnip.com/,Results,"2751 Centerville Road, Suite 300 Little Falls Centre Two, 2751 Centerville Rd # 300, Wilmington, DE 19808",Wilmington,DE,(302) 225-5000
http://www.mittenwinters.com/,Results,"117 W Loockerman St #119, Dover, DE 19904",Dover,DE,(302) 736-6100
http://www.billfieldscpa.com/,Results,"7460 Lancaster Pike, Hockessin, DE 19707",Hockessin,DE,(302) 234-2775
http://www.firststatetaxgroup.com/,Results,"720 Yorklyn Rd Suite 100, Hockessin, DE 19707",Hockessin,DE,(302) 234-2877
https://www.cbh.com/locations/tax-accounting-advisory-services-in-Wilmington-delaware/?utm_source=google&utm_medium=organic&utm_campaign=gmb-wilmington-de&utm_content=website-button,Results,"2200 Concord Pike, Wilmington, DE 19803",Wilmington,DE,(302) 798-3300
https://bellenger.accountant/?utm_source=google&utm_medium=organic&utm_campaign=gmb,Results,"3027 Wrangle Hill Rd, Bear, DE 19701",Bear,DE,(302) 838-8800
http://www.cpabizniz.com/,Results,"2300 W Newport Pike, Wilmington, DE 19804",Wilmington,DE,(302) 888-1040
http://www.taxtake.com/,Results,"3422 Old Capitol Trl #1945, Wilmington, DE 19808",Wilmington,DE,(302) 760-9758
http://www.thegodwinfirm.com/,Results,"16 W Main St, Christiana, DE 19702",Christiana,DE,(302) 737-5511
https://summitcpa-group.com/contact/,Results,"560 Peoples Plaza, Christiana, DE 19702",Christiana,DE,(302) 355-3671
http://www.zimnycpa.com/,Results,"92 Reads Way, New Castle, DE 19720",New Castle,DE,(302) 325-6900
https://www.facebook.com/Michael-Eller-Income-Tax-Service-110187369044745,Results,"1936 Maryland Ave, Wilmington, DE 19805",Wilmington,DE,(302) 652-5916
https://dpr.delaware.gov/boards/accountancy/newpermit/,Results,"2394 Dupont Pkwy, Middletown, DE 19709",Middletown,DE,(302) 454-1100
https://www.actaxgroup.com/,Results,,Delaware City,DE,(844) 378-1040
http://www.taxwithus.net/,Results,"Ashley Plaza, 417 E Main St, Middletown, DE 19709",Middletown,DE,(302) 696-2477
http://www.jessup-associates.com/,Results,"1818 Foulk Rd, Wilmington, DE 19810",Wilmington,DE,(302) 475-8480
https://breakwatercorp.com/,Results,"2200 Concord Pike #104, Wilmington, DE 19803",Wilmington,DE,(302) 543-4564
http://www.aka.cpa/,Results,"1701 Shallcross Ave Ste d, Wilmington, DE 19806",Wilmington,DE,(302) 230-7171
https://www.satb.us/,Results,"1401 Pennsylvania Ave Ste 105, Wilmington, DE 19806",Wilmington,DE,(302) 216-0552
http://www.zarincpa.com/,Results,"681 S Broadway Ste 3, Pennsville, NJ 08070",Pennsville,NJ,(856) 935-8510
http://www.sdwaccounting.com/,Results,"117 S Bedford St, Georgetown, DE 19947",Georgetown,DE,(302) 856-4141
http://www.firststatecpas.com/,Results,"18 S State St, Dover, DE 19901",Dover,DE,(302) 736-6657
http://pkassociatesgroup.com/,Results,"28b Trolley Square, Wilmington, DE 19806",Wilmington,DE,(302) 394-9052
https://dfcpasllc.com/,Results,"18306 Coastal Hwy, Lewes, DE 19958",Lewes,DE,(302) 644-4441
http://www.fawcasson.com/,Results,"20376 Coastal Hwy Suite 101, Rehoboth Beach, DE 19971",Rehoboth Beach,DE,(302) 226-1919
https://aaa-business-services.ueniweb.com/?utm_campaign=gmb,Results,"51 Blue Spruce Dr, Bear, DE 19701",Bear,DE,(302) 983-4747
https://www.hrblock.com/tax-office-near-me/delaware/bear/8240/?otppartnerid=9308&campaignid=pw_mcm_9308_9762&utm_medium=local,Results,"619 Governors Pl, Bear, DE 19701",Bear,DE,(302) 836-9430
http://www.juds.com/,Results,"651 N Bedford St, Georgetown, DE 19947",Georgetown,DE,(302) 856-3900
https://www.bloom-ledger.com/,Results,"221 W 10th St 3rd Floor, #518, Wilmington, DE 19801",Wilmington,DE,(302) 894-8320
http://www.prioritytaxdelaware.com/,Results,"301 Boggs Run, Dover, DE 19904",Dover,DE,(302) 465-4733
https://www.wisebusinesssolutionsde.com/,Results,"1405 Silverside Rd C, Wilmington, DE 19810",Wilmington,DE,(302) 475-1600
http://www.samyourtaxes.com/,Results,"1606 Newport Gap Pike, Wilmington, DE 19808",Wilmington,DE,(302) 482-9601
https://enterprises.social/,Results,"112 Capitol Tr Ste A, Newark, DE 19711",Newark,DE,(302) 310-2176
http://www.clasptax.com/,Results,"81 Thorn Ln, Newark, DE 19711",Newark,DE,(972) 220-9783
http://thechandlercpas.com/,Results,"3510 Silverside Rd, Unit 4, The Commons, Wilmington, DE 19810",Wilmington,DE,(302) 478-9800
https://ebetterbooks.com/,Results,"3524 Silverside Rd, Wilmington, DE 19810",Wilmington,DE,(802) 778-9005
http://www.officeservicesolutions.com/,Results,"710 Wilmington Rd, New Castle, DE 19720",New Castle,DE,(302) 327-8047
