url,name,address,city,state,phone
http://www.independence-cpa.com/,Results,"724 Yorklyn Rd #230, Hockessin, DE 19707",Hockessin,DE,(302) 635-7109
http://www.rubinpartnersllc.com/,Results,"7209 Lancaster Pike #4-246, Hockessin, DE 19707",Hockessin,DE,(302) 593-6498
http://www.firststatetaxgroup.com/,Results,"720 Yorklyn Rd Suite 100, Hockessin, DE 19707",Hockessin,DE,(302) 234-2877
http://www.billfieldscpa.com/,Results,"7460 Lancaster Pike, Hockessin, DE 19707",Hockessin,DE,(302) 234-2775
https://www.independence-cpa.com/contact,Results,"724 Yorklyn Rd #100th, Hockessin, DE 19707",Hockessin,DE,(302) 635-7109
http://www.gunnip.com/,Results,"2751 Centerville Road, Suite 300 Little Falls Centre Two, 2751 Centerville Rd # 300, Wilmington, DE 19808",Wilmington,DE,(302) 225-5000
http://wwd-cpa.com/,Results,"4550 New Linden Hill Rd #201, Wilmington, DE 19808",Wilmington,DE,(302) 254-8240
https://www.bonadio.com/,Results,"2711 Centerville Rd #100, Wilmington, DE 19808",Wilmington,DE,(302) 656-6632
https://www.brousseaucpa.com/,Results,"5708 Limestone Rd, Wilmington, DE 19808",Wilmington,DE,(302) 234-1976
https://www.belfint.com/,Results,"1011 Centre Rd #310, Wilmington, DE 19805",Wilmington,DE,(302) 225-0600
http://www.svvcpa.com/,Results,"1814 Newport Gap Pike, Wilmington, DE 19808",Wilmington,DE,(302) 999-7300
http://www.nagycpa.com/,Results,"2701 Centerville Rd, Wilmington, DE 19808",Wilmington,DE,(877) 445-6044
https://shin-cpas.com/,Results,"2006 Limestone Rd #10, Wilmington, DE 19808",Wilmington,DE,(302) 636-9009
http://www.snydercpa.com/,Results,"Silverside Professional Park, 1405 Silverside Rd #3c, Wilmington, DE 19810",Wilmington,DE,(302) 475-1600
http://www.boyercpa.net/,Results,"2392 Limestone Rd, Wilmington, DE 19808",Wilmington,DE,(302) 998-3700
http://cpacornerstone.com/,Results,"273 E Main St, Newark, DE 19711",Newark,DE,(302) 377-7165
http://www.rkadvisorsllc.com/,Results,"104 Country Center Ln, Hockessin, DE 19707",Hockessin,DE,(302) 561-5258
https://tax.delaware.gov/,Results,"Hockessin, DE 19707",Hockessin,DE,(302) 234-1040
http://www.taxtake.com/,Results,"3422 Old Capitol Trl #1945, Wilmington, DE 19808",Wilmington,DE,(302) 760-9758
http://www.cpadelaware.net/,Results,"1000 N West St Ste 1200 building, Wilmington, DE 19801",Wilmington,DE,(732) 829-6395
http://www.dsouzainc.com/,Results,"530 School House Rd # A, Hockessin, DE 19707",Hockessin,DE,(888) 583-3575
http://www.cmcgrouptaxes.com/,Results,"92 Gerald Dr Ste a, Newark, DE 19713",Newark,DE,(866) 504-8090
https://www.agentsofdelaware.com/,Results,"530 School House Rd # G, Hockessin, DE 19707",Hockessin,DE,(302) 544-4267
https://www.abookkeepingsolutions.com/?utm_source=google&utm_medium=organic&utm_campaign=gmb,Results,,Hockessin,DE,(302) 635-0103
http://www.cbstaxpro.com/,Results,"112 Capitol Tr, Newark, DE 19711",Newark,DE,(302) 994-2000
https://www.merceradvisors.com/location/hockessin/?utm_campaign=yext_hockessin&utm_medium=organic&utm_source=yext?utm_campaign=yext&utm_medium=organic&utm_source=google_hockessin,Results,"7234 Lancaster Pike #220a, Hockessin, DE 19707",Hockessin,DE,(302) 239-1654
https://www.stephanoslack.com/,Results,"2711 Centerville Rd Ste 101, Wilmington, DE 19808",Wilmington,DE,(302) 777-7400
http://www.centurytax.net/,Results,"1601 Milltown Rd # 3, Wilmington, DE 19808",Wilmington,DE,(302) 998-8876
https://www.dcummingslaw.com/,Results,"724 Yorklyn Rd # 260, Hockessin, DE 19707",Hockessin,DE,(302) 397-3311
http://www.cpabizniz.com/,Results,"2300 W Newport Pike, Wilmington, DE 19804",Wilmington,DE,(302) 888-1040
https://dimichelelaw.com/,Results,"724 Yorklyn Rd Ste 370, Hockessin, DE 19707",Hockessin,DE,(302) 626-2091
http://www.sherpafinancial.com/,Results,"722 Yorklyn Rd, Hockessin, DE 19707",Hockessin,DE,(855) 743-7720
http://svtaxconsulting.com/,Results,"Centerville Rd #400, Wilmington, DE 19808",Wilmington,DE,(201) 301-3201
https://www.dentalassociatesofdelaware.com/,Results,"500 Lantana Dr, Hockessin, DE 19707",Hockessin,DE,(302) 239-5917
http://www.postalconnections234.com/,Results,"7209 Lancaster Pike #4, Hockessin, DE 19707",Hockessin,DE,(302) 239-1129
https://www.wisebusinesssolutionsde.com/,Results,"1405 Silverside Rd C, Wilmington, DE 19810",Wilmington,DE,(302) 475-1600
https://www.suzannebarba.com/,Results,,Hockessin,DE,(302) 220-0090
https://savantwealth.com/location/middletown-de/?utm_source=extnet&utm_medium=yext,Results,"272 Carter Dr #110, Middletown, DE 19709",Middletown,DE,(302) 378-4644
http://davebeamcpa.com/,Results,"3825 Lancaster Pike STE 3, Wilmington, DE 19805",Wilmington,DE,(302) 633-3499
http://www.millercpa.net/,Results,"5500 Skyline Dr #5, Wilmington, DE 19808",Wilmington,DE,(302) 234-0678
http://dohertyandassociates.com/,Results,"4550 Linden Hill Rd Suite 130, Wilmington, DE 19808",Wilmington,DE,(302) 239-3500
https://www.cbh.com/locations/tax-accounting-advisory-services-in-Wilmington-delaware/?utm_source=google&utm_medium=organic&utm_campaign=gmb-wilmington-de&utm_content=website-button,Results,"2200 Concord Pike, Wilmington, DE 19803",Wilmington,DE,(302) 798-3300
https://www.accotaxinc.com/about,Results,"204 Governor Printz Blvd, Claymont, DE 19703",Claymont,DE,(302) 798-0009
http://www.whcompany.com/,Results,"1831 Delaware Ave, Wilmington, DE 19806",Wilmington,DE,(302) 225-3000
https://www.satb.us/,Results,"1401 Pennsylvania Ave Ste 105, Wilmington, DE 19806",Wilmington,DE,(302) 216-0552
http://www.jessup-associates.com/,Results,"1818 Foulk Rd, Wilmington, DE 19810",Wilmington,DE,(302) 475-8480
